id;login;first_name;last_name;email;phone_number;salary
1;mobile Fish;Orval;Metz;Carli9@yahoo.com;Trace;33370
2;Metal deposit;Anabelle;Wisozk;Riley0@hotmail.com;Officer;61748
3;Home Loan Account;Adaline;Keeling;Einar.Ledner@gmail.com;Gorgeous Frozen Pants;23277
4;Licensed Savings Account;Geovanni;Langworth;Laron85@hotmail.com;Yuan Renminbi Centers;1326
5;Usability South Dakota envisioneer;Aglae;Boyle;Markus_Fisher@gmail.com;Investment Account;83319
6;Salad;Giovanna;Gerhold;Makayla42@gmail.com;sky blue Georgia;3131
7;synthesizing Views e-enable;Tiffany;Metz;Theodora57@hotmail.com;Aruba;96117
8;navigating;Nedra;Glover;Rhoda_McGlynn@yahoo.com;Home Loan Account;27599
9;scalable;Casper;Blanda;Wyman.Jones19@gmail.com;Books;81546
10;monitor;Montana;Schamberger;Lempi.Blanda65@hotmail.com;Internal;85003
